{
  "feature_names": [
    "ela",
    "visual",
    "layout",
    "ocr",
    "font_gmm",
    "noiseprint",
    "semantic",
    "offline_llm",
    "texture",
    "text_perp"
  ],
  "threshold": 0.33,
  "suspicious_threshold": 0.25,
  "metrics": {
    "accuracy": 0.8006134969325154,
    "precision": 0.8091286307053942,
    "recall": 0.9112149532710281,
    "f1": 0.8571428571428571,
    "auc": 0.82647696929239,
    "threshold": 0.33,
    "suspicious_threshold": 0.25,
    "sample_count": 326,
    "folds": 5
  },
  "distribution_stats": {
    "feature_mean": {
      "ela": 0.10293493419885635,
      "visual": 0.4455665051937103,
      "layout": 0.5471722483634949,
      "ocr": 0.40401268005371094,
      "font_gmm": 0.5956343412399292,
      "noiseprint": 0.454450786113739,
      "semantic": 0.25727272033691406,
      "offline_llm": 0.19984710216522217,
      "texture": 0.4763437807559967,
      "text_perp": 0.3895705044269562
    },
    "feature_std": {
      "ela": 0.03255576267838478,
      "visual": 0.11729682236909866,
      "layout": 0.05791981890797615,
      "ocr": 0.05666150152683258,
      "font_gmm": 0.27776673436164856,
      "noiseprint": 0.17314055562019348,
      "semantic": 0.10393890738487244,
      "offline_llm": 0.0027649805415421724,
      "texture": 0.13264010846614838,
      "text_perp": 0.1315661072731018
    },
    "distance_mean": 0.6913255453109741,
    "distance_std": 0.38119834661483765,
    "distance_p95": 1.4478538036346436
  }
}